,Date,Followers - (change),Following - (change),Posts - (change),Influence - (change)
0,"March 28, 2021","18,044,304 - (-7,178)","3,935 - (+13)","2,178 - (+4)",0.52% - (+0.06%)
1,"March 22, 2021","18,051,482 - (-1,243)","3,922 - (+2)","2,174 - (0)",0.46% - (+0.01%)
2,"March 21, 2021","18,052,725 - (-2,425)","3,920 - (-3)","2,174 - (+2)",0.45% - (-0.02%)
3,"March 19, 2021","18,055,150 - (+211)","3,923 - (-1)","2,172 - (0)",0.47% - (+0.01%)
4,"March 19, 2021","18,054,939 - (-3,057)","3,924 - (+1)","2,172 - (+2)",0.46% - (+0.06%)
5,"March 16, 2021","18,057,996 - (-1,140)","3,923 - (+3)","2,170 - (+1)",0.40% - (-0.01%)
6,"March 15, 2021","18,059,136 - (-1,369)","3,920 - (0)","2,169 - (+1)",0.41% - (-0.06%)
7,"March 14, 2021","18,060,505 - (-2,475)","3,920 - (-1)","2,168 - (+1)",0.47% - (+0.04%)
8,"March 13, 2021","18,062,980 - (-141)","3,921 - (0)","2,167 - (0)",0.43% - (+0.07%)
9,"March 12, 2021","18,063,121 - (-1,296)","3,921 - (+3)","2,167 - (+2)",0.36% - (-0.04%)
10,"March 10, 2021","18,064,417 - (-6,651)","3,918 - (+3)","2,165 - (+4)",0.40% - (-0.05%)
11,"March 6, 2021","18,071,068 - (+2,845)","3,915 - (-2)","2,161 - (+2)",0.45% - (0.00%)
12,"March 4, 2021","18,068,223 - (+16,965)","3,917 - (+8)","2,159 - (+2)",0.45% - (-0.05%)
13,"March 2, 2021","18,051,258 - (-22,363)","3,909 - (-2)","2,157 - (+1)",0.50% - (+0.05%)
14,"February 28, 2021","18,073,621 - (-3,259)","3,911 - (+1)","2,156 - (+1)",0.45% - (+0.01%)
15,"February 27, 2021","18,076,880 - (-2,480)","3,910 - (0)","2,155 - (+1)",0.44% - (+0.02%)
16,"February 26, 2021","18,079,360 - (-1,165)","3,910 - (-1)","2,154 - (0)",0.42% - (+0.01%)
17,"February 26, 2021","18,080,525 - (+85)","3,911 - (0)","2,154 - (0)",0.41% - (0.00%)
18,"February 25, 2021","18,080,440 - (-184)","3,911 - (0)","2,154 - (+2)",0.41% - (-0.03%)
19,"February 24, 2021","18,080,624 - (-372)","3,911 - (0)","2,152 - (0)",0.44% - (0.00%)
20,"February 24, 2021","18,080,996 - (-5,110)","3,911 - (+1)","2,152 - (+1)",0.44% - (+0.06%)
21,"February 21, 2021","18,086,106 - (-158)","3,910 - (0)","2,151 - (0)",0.38% - (0.00%)
22,"February 21, 2021","18,086,264 - (-1,672)","3,910 - (-2)","2,151 - (+1)",0.38% - (+0.02%)
23,"February 20, 2021","18,087,936 - (-1,066)","3,912 - (+2)","2,150 - (0)",0.36% - (+0.01%)
24,"February 18, 2021","18,089,002 - (-7,638)","3,910 - (+10)","2,150 - (+6)",0.35% - (+0.03%)
25,"February 11, 2021","18,096,640 - (-62,664)","3,900 - (+9)","2,144 - (+16)",0.32% - (-0.29%)
26,"January 13, 2021","18,159,304 - (-1,857)","3,891 - (+2)","2,128 - (0)",0.61% - (+0.02%)
27,"January 12, 2021","18,161,161 - (-41,876)","3,889 - (+4)","2,128 - (+6)",0.59% - (+0.19%)
28,"January 1, 2021","18,203,037 - (-7,905)","3,885 - (+4)","2,122 - (+2)",0.40% - (+0.02%)
29,"December 29, 2020","18,210,942 - (-6,065)","3,881 - (0)","2,120 - (+2)",0.38% - (+0.02%)
30,"December 27, 2020","18,217,007 - (-7,542)","3,881 - (+1)","2,118 - (+3)",0.36% - (-0.01%)
31,"December 22, 2020","18,224,549 - (-5,550)","3,880 - (-1)","2,115 - (+1)",0.37% - (0.00%)
32,"December 22, 2020","18,230,099 - (-4,068)","3,881 - (+2)","2,114 - (+1)",0.37% - (0.00%)
33,"December 20, 2020","18,234,167 - (-15,424)","3,879 - (+3)","2,113 - (+12)",0.37% - (-0.23%)
34,"December 6, 2020","18,249,591 - (-895)","3,876 - (0)","2,101 - (0)",0.60% - (+0.07%)
35,"December 5, 2020","18,250,486 - (+2,032)","3,876 - (+2)","2,101 - (+4)",0.53% - (-0.05%)
36,"November 28, 2020","18,248,454 - (-6,212)","3,874 - (-1)","2,097 - (+1)",0.58% - (+0.02%)
37,"November 27, 2020","18,254,666 - (-4,725)","3,875 - (+7)","2,096 - (+3)",0.56% - (-0.28%)
38,"November 20, 2020","18,259,391 - (-954)","3,868 - (+1)","2,093 - (0)",0.84% - (+0.01%)
39,"November 20, 2020","18,260,345 - (+374)","3,867 - (0)","2,093 - (+1)",0.83% - (+0.01%)
40,"November 19, 2020","18,259,971 - (-959)","3,867 - (+1)","2,092 - (0)",0.82% - (+0.01%)
41,"November 18, 2020","18,260,930 - (+435)","3,866 - (0)","2,092 - (+1)",0.81% - (-0.06%)
42,"November 18, 2020","18,260,495 - (-517)","3,866 - (+4)","2,091 - (0)",0.87% - (+0.02%)
43,"November 17, 2020","18,261,012 - (+195)","3,862 - (+1)","2,091 - (+1)",0.85% - (-0.05%)
44,"November 17, 2020","18,260,817 - (-730)","3,861 - (0)","2,090 - (0)",0.90% - (+0.01%)
45,"November 16, 2020","18,261,547 - (-236)","3,861 - (0)","2,090 - (+1)",0.89% - (0.00%)
46,"November 16, 2020","18,261,783 - (+78)","3,861 - (0)","2,089 - (0)",0.89% - (0.00%)
47,"November 15, 2020","18,261,705 - (+301)","3,861 - (0)","2,089 - (0)",0.89% - (+0.01%)
48,"November 15, 2020","18,261,404 - (+18)","3,861 - (0)","2,089 - (0)",0.88% - (0.00%)
49,"November 15, 2020","18,261,386 - (-126)","3,861 - (+1)","2,089 - (+1)",0.88% - (+0.01%)
50,"November 14, 2020","18,261,512 - (-25)","3,860 - (0)","2,088 - (0)",0.87% - (+0.01%)
51,"November 14, 2020","18,261,537 - (-549)","3,860 - (-1)","2,088 - (0)",0.86% - (+0.02%)
52,"November 13, 2020","18,262,086 - (+201)","3,861 - (0)","2,088 - (+1)",0.84% - (-0.04%)
53,"November 13, 2020","18,261,885 - (-116)","3,861 - (0)","2,087 - (0)",0.88% - (+0.03%)
54,"November 12, 2020","18,262,001 - (+159)","3,861 - (0)","2,087 - (0)",0.85% - (+0.05%)
55,"November 12, 2020","18,261,842 - (+129)","3,861 - (0)","2,087 - (+1)",0.80% - (-0.08%)
56,"November 12, 2020","18,261,713 - (+82)","3,861 - (-2)","2,086 - (0)",0.88% - (0.00%)
57,"November 12, 2020","18,261,631 - (+74)","3,863 - (+2)","2,086 - (0)",0.88% - (0.00%)
58,"November 12, 2020","18,261,557 - (+295)","3,861 - (-2)","2,086 - (0)",0.88% - (0.00%)
59,"November 12, 2020","18,261,262 - (-669)","3,863 - (0)","2,086 - (0)",0.88% - (0.00%)
60,"November 11, 2020","18,261,931 - (+1,144)","3,863 - (+1)","2,086 - (0)",0.88% - (0.00%)
61,"November 11, 2020","18,260,787 - (+47)","3,862 - (-1)","2,086 - (0)",0.88% - (0.00%)
62,"November 11, 2020","18,260,740 - (-1,240)","3,863 - (0)","2,086 - (0)",0.88% - (0.00%)
63,"November 11, 2020","18,261,980 - (+707)","3,863 - (+1)","2,086 - (0)",0.88% - (+0.01%)
64,"November 11, 2020","18,261,273 - (+962)","3,862 - (+3)","2,086 - (0)",0.87% - (+0.03%)
65,"November 10, 2020","18,260,311 - (+1,082)","3,859 - (-2)","2,086 - (+1)",0.84% - (-0.03%)
66,"November 9, 2020","18,259,229 - (+1,603)","3,861 - (0)","2,085 - (+1)",0.87% - (-0.04%)
67,"November 9, 2020","18,257,626 - (-724)","3,861 - (-1)","2,084 - (0)",0.91% - (+0.01%)
68,"November 9, 2020","18,258,350 - (+146)","3,862 - (0)","2,084 - (0)",0.90% - (0.00%)
69,"November 9, 2020","18,258,204 - (+402)","3,862 - (0)","2,084 - (0)",0.90% - (0.00%)
70,"November 8, 2020","18,257,802 - (+1,307)","3,862 - (0)","2,084 - (0)",0.90% - (0.00%)
71,"November 8, 2020","18,256,495 - (+3)","3,862 - (+1)","2,084 - (0)",0.90% - (+0.01%)
72,"November 7, 2020","18,256,492 - (+1,550)","3,861 - (+1)","2,084 - (+1)",0.89% - (+0.02%)
73,"November 7, 2020","18,254,942 - (+119)","3,860 - (+1)","2,083 - (0)",0.87% - (+0.01%)
74,"November 7, 2020","18,254,823 - (+3,507)","3,859 - (0)","2,083 - (0)",0.86% - (+0.03%)
75,"November 6, 2020","18,251,316 - (+4,962)","3,859 - (0)","2,083 - (+1)",0.83% - (+0.06%)
76,"November 6, 2020","18,246,354 - (+4,798)","3,859 - (+3)","2,082 - (+1)",0.77% - (+0.11%)
77,"November 4, 2020","18,241,556 - (-679)","3,856 - (-1)","2,081 - (0)",0.66% - (0.00%)
78,"November 4, 2020","18,242,235 - (+404)","3,857 - (0)","2,081 - (0)",0.66% - (0.00%)
79,"November 3, 2020","18,241,831 - (+597)","3,857 - (0)","2,081 - (0)",0.66% - (0.00%)
80,"November 3, 2020","18,241,234 - (-41)","3,857 - (0)","2,081 - (0)",0.66% - (+0.01%)
81,"November 3, 2020","18,241,275 - (-1,066)","3,857 - (+1)","2,081 - (0)",0.65% - (+0.01%)
82,"November 2, 2020","18,242,341 - (-159)","3,856 - (0)","2,081 - (+1)",0.64% - (-0.01%)
83,"November 2, 2020","18,242,500 - (+22)","3,856 - (0)","2,080 - (0)",0.65% - (+0.01%)
84,"November 2, 2020","18,242,478 - (-2,228)","3,856 - (-1)","2,080 - (+1)",0.64% - (+0.05%)
85,"November 1, 2020","18,244,706 - (+548)","3,857 - (+1)","2,079 - (0)",0.59% - (+0.01%)
86,"November 1, 2020","18,244,158 - (-800)","3,856 - (0)","2,079 - (0)",0.58% - (+0.01%)
87,"November 1, 2020","18,244,958 - (-1,392)","3,856 - (0)","2,079 - (+1)",0.57% - (+0.01%)
88,"October 31, 2020","18,246,350 - (+22)","3,856 - (0)","2,078 - (0)",0.56% - (0.00%)
89,"October 30, 2020","18,246,328 - (-824)","3,856 - (0)","2,078 - (0)",0.56% - (0.00%)
90,"October 30, 2020","18,247,152 - (+5)","3,856 - (0)","2,078 - (+1)",0.56% - (-0.05%)
91,"October 30, 2020","18,247,147 - (+756)","3,856 - (0)","2,077 - (0)",0.61% - (0.00%)
92,"October 30, 2020","18,246,391 - (-278)","3,856 - (-3)","2,077 - (0)",0.61% - (+0.01%)
93,"October 30, 2020","18,246,669 - (-871)","3,859 - (0)","2,077 - (0)",0.60% - (0.00%)
94,"October 29, 2020","18,247,540 - (-1,007)","3,859 - (+6)","2,077 - (+1)",0.60% - (-0.01%)
95,"October 28, 2020","18,248,547 - (-94)","3,853 - (0)","2,076 - (0)",0.61% - (+0.01%)
96,"October 28, 2020","18,248,641 - (-536)","3,853 - (0)","2,076 - (+1)",0.60% - (-0.01%)
97,"October 28, 2020","18,249,177 - (-1,131)","3,853 - (0)","2,075 - (0)",0.61% - (+0.01%)
98,"October 28, 2020","18,250,308 - (+914)","3,853 - (0)","2,075 - (0)",0.60% - (0.00%)
99,"October 28, 2020","18,249,394 - (-1,072)","3,853 - (0)","2,075 - (0)",0.60% - (+0.01%)
100,"October 27, 2020","18,250,466 - (-4,323)","3,853 - (+3)","2,075 - (+2)",0.59% - (+0.03%)
101,"October 26, 2020","18,254,789 - (+904)","3,850 - (0)","2,073 - (0)",0.56% - (+0.01%)
102,"October 25, 2020","18,253,885 - (-866)","3,850 - (0)","2,073 - (0)",0.55% - (0.00%)
103,"October 25, 2020","18,254,751 - (-248)","3,850 - (0)","2,073 - (0)",0.55% - (0.00%)
104,"October 25, 2020","18,254,999 - (-252)","3,850 - (0)","2,073 - (0)",0.55% - (+0.01%)
105,"October 25, 2020","18,255,251 - (-774)","3,850 - (+1)","2,073 - (0)",0.54% - (+0.01%)
106,"October 24, 2020","18,256,025 - (+566)","3,849 - (0)","2,073 - (0)",0.53% - (+0.03%)
107,"October 24, 2020","18,255,459 - (-921)","3,849 - (0)","2,073 - (+1)",0.50% - (0.00%)
108,"October 24, 2020","18,256,380 - (-1,516)","3,849 - (0)","2,072 - (0)",0.50% - (0.00%)
109,"October 24, 2020","18,257,896 - (+1,193)","3,849 - (-1)","2,072 - (0)",0.50% - (0.00%)
110,"October 24, 2020","18,256,703 - (-1,650)","3,850 - (0)","2,072 - (+1)",0.50% - (-0.01%)
111,"October 23, 2020","18,258,353 - (-1,513)","3,850 - (0)","2,071 - (0)",0.51% - (+0.02%)
112,"October 22, 2020","18,259,866 - (-50)","3,850 - (0)","2,071 - (0)",0.49% - (0.00%)
113,"October 22, 2020","18,259,916 - (+1,138)","3,850 - (0)","2,071 - (0)",0.49% - (+0.02%)
114,"October 22, 2020","18,258,778 - (-1,503)","3,850 - (0)","2,071 - (+1)",0.47% - (0.00%)
115,"October 22, 2020","18,260,281 - (-353)","3,850 - (+1)","2,070 - (0)",0.47% - (+0.01%)
116,"October 22, 2020","18,260,634 - (-2,315)","3,849 - (0)","2,070 - (+1)",0.46% - (+0.01%)
117,"October 21, 2020","18,262,949 - (+886)","3,849 - (0)","2,069 - (0)",0.45% - (0.00%)
118,"October 21, 2020","18,262,063 - (-1,527)","3,849 - (0)","2,069 - (+1)",0.45% - (0.00%)
119,"October 20, 2020","18,263,590 - (-444)","3,849 - (+1)","2,068 - (0)",0.45% - (+0.01%)
120,"October 19, 2020","18,264,034 - (-1,262)","3,848 - (0)","2,068 - (+1)",0.44% - (-0.01%)
121,"October 19, 2020","18,265,296 - (-1,021)","3,848 - (+1)","2,067 - (0)",0.45% - (0.00%)
122,"October 19, 2020","18,266,317 - (-181)","3,847 - (0)","2,067 - (0)",0.45% - (0.00%)
123,"October 19, 2020","18,266,498 - (-145)","3,847 - (0)","2,067 - (0)",0.45% - (0.00%)
124,"October 18, 2020","18,266,643 - (-1,514)","3,847 - (-1)","2,067 - (+1)",0.45% - (+0.04%)
125,"October 17, 2020","18,268,157 - (-1,598)","3,848 - (-1)","2,066 - (0)",0.41% - (+0.02%)
126,"October 16, 2020","18,269,755 - (+116)","3,849 - (0)","2,066 - (0)",0.39% - (+0.02%)
127,"October 16, 2020","18,269,639 - (-144)","3,849 - (0)","2,066 - (+1)",0.37% - (-0.01%)
128,"October 16, 2020","18,269,783 - (-864)","3,849 - (0)","2,065 - (0)",0.38% - (0.00%)
129,"October 15, 2020","18,270,647 - (-1,262)","3,849 - (-2)","2,065 - (0)",0.38% - (+0.01%)
130,"October 15, 2020","18,271,909 - (-153)","3,851 - (-1)","2,065 - (+1)",0.37% - (-0.02%)
131,"October 14, 2020","18,272,062 - (-181)","3,852 - (0)","2,064 - (0)",0.39% - (0.00%)
132,"October 14, 2020","18,272,243 - (-125)","3,852 - (0)","2,064 - (0)",0.39% - (+0.01%)
133,"October 14, 2020","18,272,368 - (-2,765)","3,852 - (+1)","2,064 - (+1)",0.38% - (0.00%)
134,"October 13, 2020","18,275,133 - (-60)","3,851 - (0)","2,063 - (0)",0.38% - (0.00%)
135,"October 13, 2020","18,275,193 - (-41)","3,851 - (0)","2,063 - (0)",0.38% - (0.00%)
136,"October 13, 2020","18,275,234 - (-805)","3,851 - (0)","2,063 - (0)",0.38% - (+0.01%)
137,"October 12, 2020","18,276,039 - (-31)","3,851 - (-2)","2,063 - (+1)",0.37% - (-0.02%)
138,"October 12, 2020","18,276,070 - (-856)","3,853 - (-1)","2,062 - (0)",0.39% - (0.00%)
139,"October 11, 2020","18,276,926 - (-2,224)","3,854 - (0)","2,062 - (+1)",0.39% - (0.00%)
140,"October 10, 2020","18,279,150 - (-228)","3,854 - (0)","2,061 - (0)",0.39% - (0.00%)
141,"October 9, 2020","18,279,378 - (+268)","3,854 - (+1)","2,061 - (0)",0.39% - (+0.01%)
142,"October 9, 2020","18,279,110 - (-59)","3,853 - (0)","2,061 - (+1)",0.38% - (-0.04%)
143,"October 9, 2020","18,279,169 - (+56)","3,853 - (0)","2,060 - (0)",0.42% - (0.00%)
144,"October 9, 2020","18,279,113 - (-989)","3,853 - (+2)","2,060 - (+1)",0.42% - (-0.01%)
145,"October 8, 2020","18,280,102 - (+166)","3,851 - (0)","2,059 - (0)",0.43% - (0.00%)
146,"October 8, 2020","18,279,936 - (+66)","3,851 - (-1)","2,059 - (0)",0.43% - (0.00%)
147,"October 8, 2020","18,279,870 - (+265)","3,852 - (0)","2,059 - (0)",0.43% - (+0.01%)
148,"October 7, 2020","18,279,605 - (-995)","3,852 - (0)","2,059 - (+1)",0.42% - (-0.03%)
149,"October 7, 2020","18,280,600 - (-1,249)","3,852 - (0)","2,058 - (0)",0.45% - (+0.01%)
150,"October 7, 2020","18,281,849 - (-1,027)","3,852 - (-2)","2,058 - (+3)",0.44% - (-0.05%)
151,"October 2, 2020","18,282,876 - (+4,391)","3,854 - (+5)","2,055 - (+2)",0.49% - (-0.02%)
152,"September 30, 2020","18,278,485 - (+2,262)","3,849 - (+1)","2,053 - (+1)",0.51% - (+0.03%)
153,"September 30, 2020","18,276,223 - (+1,375)","3,848 - (0)","2,052 - (0)",0.48% - (0.00%)
154,"September 29, 2020","18,274,848 - (+13,593)","3,848 - (-1)","2,052 - (+2)",0.48% - (-0.07%)
155,"September 28, 2020","18,261,255 - (+16)","3,849 - (0)","2,050 - (0)",0.55% - (0.00%)
156,"September 28, 2020","18,261,239 - (-796)","3,849 - (0)","2,050 - (0)",0.55% - (0.00%)
157,"September 27, 2020","18,262,035 - (+2,851)","3,849 - (-1)","2,050 - (+2)",0.55% - (-0.04%)
158,"September 25, 2020","18,259,184 - (-2,850)","3,850 - (+1)","2,048 - (+1)",0.59% - (-0.04%)
159,"September 23, 2020","18,262,034 - (+1,528)","3,849 - (+1)","2,047 - (+2)",0.63% - (-0.01%)
160,"September 21, 2020","18,260,506 - (-2,855)","3,848 - (-3)","2,045 - (+1)",0.64% - (+0.02%)
161,"September 18, 2020","18,263,361 - (-977)","3,851 - (-1)","2,044 - (+1)",0.62% - (-0.02%)
162,"September 17, 2020","18,264,338 - (+515)","3,852 - (+2)","2,043 - (0)",0.64% - (+0.01%)
163,"September 16, 2020","18,263,823 - (-2,394)","3,850 - (0)","2,043 - (+1)",0.63% - (0.00%)
164,"September 16, 2020","18,266,217 - (-429)","3,850 - (-2)","2,042 - (+2)",0.63% - (-0.09%)
165,"September 13, 2020","18,266,646 - (-639)","3,852 - (-1)","2,040 - (0)",0.72% - (0.00%)
166,"September 12, 2020","18,267,285 - (+580)","3,853 - (0)","2,040 - (0)",0.72% - (0.00%)
167,"September 12, 2020","18,266,705 - (+794)","3,853 - (-1)","2,040 - (0)",0.72% - (+0.04%)
168,"September 10, 2020","18,265,911 - (-61)","3,854 - (0)","2,040 - (+1)",0.68% - (-0.09%)
169,"September 10, 2020","18,265,972 - (+761)","3,854 - (-1)","2,039 - (0)",0.77% - (+0.01%)
170,"September 9, 2020","18,265,211 - (-372)","3,855 - (0)","2,039 - (+2)",0.76% - (-0.02%)
171,"September 7, 2020","18,265,583 - (-122)","3,855 - (+7)","2,037 - (+1)",0.78% - (+0.08%)
172,"September 4, 2020","18,265,705 - (+2,705)","3,848 - (+1)","2,036 - (+2)",0.70% - (-0.02%)
173,"September 3, 2020","18,263,000 - (+1,552)","3,847 - (0)","2,034 - (0)",0.72% - (+0.01%)
174,"September 2, 2020","18,261,448 - (+1,145)","3,847 - (0)","2,034 - (0)",0.71% - (+0.01%)
175,"September 2, 2020","18,260,303 - (+2,297)","3,847 - (0)","2,034 - (+1)",0.70% - (0.00%)
176,"September 1, 2020","18,258,006 - (+925)","3,847 - (0)","2,033 - (+1)",0.70% - (-0.03%)
177,"September 1, 2020","18,257,081 - (-26)","3,847 - (0)","2,032 - (0)",0.73% - (0.00%)
178,"September 1, 2020","18,257,107 - (-1,248)","3,847 - (+5)","2,032 - (0)",0.73% - (+0.04%)
179,"August 31, 2020","18,258,355 - (-187)","3,842 - (0)","2,032 - (+1)",0.69% - (-0.11%)
180,"August 31, 2020","18,258,542 - (-1,228)","3,842 - (0)","2,031 - (0)",0.80% - (+0.01%)
181,"August 30, 2020","18,259,770 - (+49)","3,842 - (0)","2,031 - (0)",0.79% - (0.00%)
182,"August 30, 2020","18,259,721 - (-1,449)","3,842 - (0)","2,031 - (0)",0.79% - (0.00%)
183,"August 30, 2020","18,261,170 - (+242)","3,842 - (0)","2,031 - (+1)",0.79% - (+0.01%)
184,"August 29, 2020","18,260,928 - (+3,029)","3,842 - (+2)","2,030 - (+4)",0.78% - (+0.04%)
185,"August 24, 2020","18,257,899 - (-597)","3,840 - (0)","2,026 - (0)",0.74% - (0.00%)
186,"August 23, 2020","18,258,496 - (+1,458)","3,840 - (0)","2,026 - (0)",0.74% - (+0.01%)
187,"August 22, 2020","18,257,038 - (+759)","3,840 - (-1)","2,026 - (+1)",0.73% - (-0.01%)
188,"August 21, 2020","18,256,279 - (+3,544)","3,841 - (+6)","2,025 - (+2)",0.74% - (+0.05%)
189,"August 18, 2020","18,252,735 - (-2,433)","3,835 - (+1)","2,023 - (+2)",0.69% - (-0.05%)
190,"August 16, 2020","18,255,168 - (+346)","3,834 - (0)","2,021 - (0)",0.74% - (0.00%)
191,"August 16, 2020","18,254,822 - (-256)","3,834 - (0)","2,021 - (0)",0.74% - (+0.01%)
192,"August 16, 2020","18,255,078 - (-184)","3,834 - (0)","2,021 - (0)",0.73% - (0.00%)
193,"August 16, 2020","18,255,262 - (-776)","3,834 - (-1)","2,021 - (0)",0.73% - (0.00%)
194,"August 15, 2020","18,256,038 - (+749)","3,835 - (+2)","2,021 - (0)",0.73% - (+0.02%)
195,"August 14, 2020","18,255,289 - (-811)","3,833 - (0)","2,021 - (0)",0.71% - (+0.02%)
196,"August 14, 2020","18,256,100 - (+244)","3,833 - (0)","2,021 - (+1)",0.69% - (-0.10%)
197,"August 14, 2020","18,255,856 - (+1,559)","3,833 - (-1)","2,020 - (0)",0.79% - (+0.03%)
198,"August 13, 2020","18,254,297 - (-160)","3,834 - (+16)","2,020 - (+1)",0.76% - (+0.07%)
199,"August 11, 2020","18,254,457 - (-395)","3,818 - (0)","2,019 - (+1)",0.69% - (-0.02%)
200,"August 10, 2020","18,254,852 - (-516)","3,818 - (-1)","2,018 - (0)",0.71% - (0.00%)
201,"August 9, 2020","18,255,368 - (-2,145)","3,819 - (0)","2,018 - (0)",0.71% - (+0.01%)
202,"August 8, 2020","18,257,513 - (-348)","3,819 - (0)","2,018 - (0)",0.70% - (0.00%)
203,"August 8, 2020","18,257,861 - (-479)","3,819 - (+1)","2,018 - (+1)",0.70% - (0.00%)
204,"August 7, 2020","18,258,340 - (-1,984)","3,818 - (-3)","2,017 - (+1)",0.70% - (0.00%)
205,"August 5, 2020","18,260,324 - (-249)","3,821 - (+2)","2,016 - (0)",0.70% - (0.00%)
206,"August 4, 2020","18,260,573 - (-1,149)","3,819 - (-2)","2,016 - (0)",0.70% - (+0.02%)
207,"August 3, 2020","18,261,722 - (+301)","3,821 - (0)","2,016 - (0)",0.68% - (+0.02%)
208,"August 3, 2020","18,261,421 - (-491)","3,821 - (-1)","2,016 - (+1)",0.66% - (0.00%)
209,"August 2, 2020","18,261,912 - (-251)","3,822 - (0)","2,015 - (0)",0.66% - (+0.01%)
210,"August 2, 2020","18,262,163 - (-817)","3,822 - (0)","2,015 - (+1)",0.65% - (-0.04%)
211,"August 1, 2020","18,262,980 - (-1,412)","3,822 - (+1)","2,014 - (0)",0.69% - (+0.01%)
212,"July 31, 2020","18,264,392 - (-676)","3,821 - (0)","2,014 - (0)",0.68% - (0.00%)
213,"July 31, 2020","18,265,068 - (-738)","3,821 - (0)","2,014 - (0)",0.68% - (+0.01%)
214,"July 30, 2020","18,265,806 - (-1,307)","3,821 - (+3)","2,014 - (+1)",0.67% - (-0.03%)
215,"July 30, 2020","18,267,113 - (-1,858)","3,818 - (0)","2,013 - (+1)",0.70% - (-0.03%)
216,"July 29, 2020","18,268,971 - (-3,098)","3,818 - (-1)","2,012 - (+1)",0.73% - (-0.05%)
217,"July 28, 2020","18,272,069 - (-2,734)","3,819 - (+3)","2,011 - (+1)",0.78% - (0.00%)
218,"July 26, 2020","18,274,803 - (-2,362)","3,816 - (+1)","2,010 - (0)",0.78% - (+0.01%)
219,"July 25, 2020","18,277,165 - (-842)","3,815 - (+1)","2,010 - (0)",0.77% - (+0.01%)
220,"July 25, 2020","18,278,007 - (-620)","3,814 - (0)","2,010 - (+1)",0.76% - (0.00%)
221,"July 24, 2020","18,278,627 - (-2,607)","3,814 - (0)","2,009 - (+1)",0.76% - (+0.07%)
222,"July 23, 2020","18,281,234 - (-3,093)","3,814 - (+1)","2,008 - (+1)",0.69% - (0.00%)
223,"July 22, 2020","18,284,327 - (-1,998)","3,813 - (0)","2,007 - (+1)",0.69% - (-0.01%)
224,"July 21, 2020","18,286,325 - (-1,200)","3,813 - (+6)","2,006 - (0)",0.70% - (0.00%)
225,"July 20, 2020","18,287,525 - (-437)","3,807 - (0)","2,006 - (0)",0.70% - (0.00%)
226,"July 20, 2020","18,287,962 - (-1,080)","3,807 - (-1)","2,006 - (0)",0.70% - (0.00%)
227,"July 19, 2020","18,289,042 - (-2,792)","3,808 - (-2)","2,006 - (0)",0.70% - (+0.02%)
228,"July 18, 2020","18,291,834 - (-2,088)","3,810 - (-3)","2,006 - (+1)",0.68% - (-0.02%)
229,"July 17, 2020","18,293,922 - (-1,450)","3,813 - (+1)","2,005 - (0)",0.70% - (+0.02%)
230,"July 16, 2020","18,295,372 - (-1,986)","3,812 - (0)","2,005 - (+1)",0.68% - (0.00%)
231,"July 15, 2020","18,297,358 - (-7,071)","3,812 - (0)","2,004 - (+2)",0.68% - (-0.06%)
232,"July 11, 2020","18,304,429 - (-141)","3,812 - (0)","2,002 - (0)",0.74% - (0.00%)
233,"July 11, 2020","18,304,570 - (-36)","3,812 - (0)","2,002 - (0)",0.74% - (0.00%)
234,"July 10, 2020","18,304,606 - (-2,138)","3,812 - (-2)","2,002 - (0)",0.74% - (+0.02%)
235,"July 9, 2020","18,306,744 - (-7,065)","3,814 - (+3)","2,002 - (+2)",0.72% - (+0.04%)
236,"July 7, 2020","18,313,809 - (-5,513)","3,811 - (-4)","2,000 - (+1)",0.68% - (+0.02%)
237,"July 5, 2020","18,319,322 - (-290)","3,815 - (0)","1,999 - (0)",0.66% - (0.00%)
238,"July 5, 2020","18,319,612 - (-609)","3,815 - (0)","1,999 - (0)",0.66% - (0.00%)
239,"July 5, 2020","18,320,221 - (-3,900)","3,815 - (+3)","1,999 - (+1)",0.66% - (-0.03%)
240,"July 2, 2020","18,324,121 - (-142)","3,812 - (-1)","1,998 - (0)",0.69% - (0.00%)
241,"July 1, 2020","18,324,263 - (-156)","3,813 - (+1)","1,998 - (0)",0.69% - (0.00%)
242,"July 1, 2020","18,324,419 - (-1,296)","3,812 - (-1)","1,998 - (0)",0.69% - (+0.03%)
243,"June 30, 2020","18,325,715 - (-1,777)","3,813 - (+1)","1,998 - (+2)",0.66% - (-0.06%)
244,"June 29, 2020","18,327,492 - (-5,416)","3,812 - (+1)","1,996 - (+2)",0.72% - (-0.13%)
245,"June 25, 2020","18,332,908 - (-728)","3,811 - (0)","1,994 - (+1)",0.85% - (-0.04%)
246,"June 24, 2020","18,333,636 - (-442)","3,811 - (+3)","1,993 - (+1)",0.89% - (-0.02%)
247,"June 23, 2020","18,334,078 - (-2,011)","3,808 - (-1)","1,992 - (+1)",0.91% - (+0.06%)
248,"June 22, 2020","18,336,089 - (-6,051)","3,809 - (-1)","1,991 - (0)",0.85% - (0.00%)
249,"June 19, 2020","18,342,140 - (-518)","3,810 - (-1)","1,991 - (0)",0.85% - (0.00%)
250,"June 19, 2020","18,342,658 - (-555)","3,811 - (+6)","1,991 - (0)",0.85% - (0.00%)
251,"June 18, 2020","18,343,213 - (-35)","3,805 - (0)","1,991 - (0)",0.85% - (0.00%)
252,"June 18, 2020","18,343,248 - (-102)","3,805 - (+1)","1,991 - (0)",0.85% - (0.00%)
253,"June 18, 2020","18,343,350 - (-3,066)","3,804 - (+6)","1,991 - (0)",0.85% - (0.00%)
254,"June 16, 2020","18,346,416 - (-250)","3,798 - (+1)","1,991 - (0)",0.85% - (0.00%)
255,"June 16, 2020","18,346,666 - (-2,090)","3,797 - (0)","1,991 - (0)",0.85% - (0.00%)
256,"June 15, 2020","18,348,756 - (-724)","3,797 - (0)","1,991 - (0)",0.85% - (+0.01%)
257,"June 13, 2020","18,349,480 - (-992)","3,797 - (0)","1,991 - (0)",0.84% - (0.00%)
258,"June 13, 2020","18,350,472 - (-141)","3,797 - (+2)","1,991 - (0)",0.84% - (+0.01%)
259,"June 13, 2020","18,350,613 - (-519)","3,795 - (0)","1,991 - (0)",0.83% - (+0.01%)
260,"June 12, 2020","18,351,132 - (-2,361)","3,795 - (-1)","1,991 - (+1)",0.82% - (+0.03%)
261,"June 11, 2020","18,353,493 - (+694)","3,796 - (0)","1,990 - (0)",0.79% - (+0.01%)
262,"June 11, 2020","18,352,799 - (-732)","3,796 - (0)","1,990 - (0)",0.78% - (0.00%)
263,"June 11, 2020","18,353,531 - (-8)","3,796 - (+2)","1,990 - (0)",0.78% - (0.00%)
264,"June 11, 2020","18,353,539 - (+310)","3,794 - (+8)","1,990 - (0)",0.78% - (0.00%)
265,"June 10, 2020","18,353,229 - (-658)","3,786 - (0)","1,990 - (0)",0.78% - (0.00%)
266,"June 10, 2020","18,353,887 - (+25)","3,786 - (+3)","1,990 - (0)",0.78% - (0.00%)
267,"June 9, 2020","18,353,862 - (-973)","3,783 - (0)","1,990 - (0)",0.78% - (0.00%)
268,"June 7, 2020","18,354,835 - (-457)","3,783 - (0)","1,990 - (0)",0.78% - (0.00%)
269,"June 7, 2020","18,355,292 - (-124)","3,783 - (-1)","1,990 - (0)",0.78% - (0.00%)
270,"June 6, 2020","18,355,416 - (+166)","3,784 - (0)","1,990 - (0)",0.78% - (0.00%)
271,"June 6, 2020","18,355,250 - (-468)","3,784 - (0)","1,990 - (0)",0.78% - (0.00%)
272,"June 6, 2020","18,355,718 - (-439)","3,784 - (+1)","1,990 - (0)",0.78% - (0.00%)
273,"June 6, 2020","18,356,157 - (+108)","3,783 - (0)","1,990 - (0)",0.78% - (0.00%)
274,"June 5, 2020","18,356,049 - (+662)","3,783 - (0)","1,990 - (0)",0.78% - (+0.01%)
275,"June 5, 2020","18,355,387 - (-4,455)","3,783 - (0)","1,990 - (+1)",0.77% - (-0.02%)
276,"June 4, 2020","18,359,842 - (-1,601)","3,783 - (0)","1,989 - (0)",0.79% - (+0.02%)
277,"June 2, 2020","18,361,443 - (-3,635)","3,783 - (-5)","1,989 - (+2)",0.77% - (+0.01%)
278,"May 30, 2020","18,365,078 - (+73)","3,788 - (0)","1,987 - (0)",0.76% - (+0.01%)
279,"May 30, 2020","18,365,005 - (+9)","3,788 - (0)","1,987 - (0)",0.75% - (0.00%)
280,"May 30, 2020","18,364,996 - (+36)","3,788 - (-1)","1,987 - (0)",0.75% - (0.00%)
281,"May 30, 2020","18,364,960 - (+66)","3,789 - (0)","1,987 - (0)",0.75% - (0.00%)
282,"May 30, 2020","18,364,894 - (+306)","3,789 - (0)","1,987 - (0)",0.75% - (0.00%)
283,"May 30, 2020","18,364,588 - (+260)","3,789 - (+1)","1,987 - (0)",0.75% - (0.00%)
284,"May 29, 2020","18,364,328 - (+74)","3,788 - (0)","1,987 - (0)",0.75% - (+0.01%)
285,"May 29, 2020","18,364,254 - (+295)","3,788 - (0)","1,987 - (0)",0.74% - (0.00%)
286,"May 29, 2020","18,363,959 - (+146)","3,788 - (0)","1,987 - (0)",0.74% - (0.00%)
287,"May 29, 2020","18,363,813 - (+87)","3,788 - (0)","1,987 - (0)",0.74% - (0.00%)
288,"May 29, 2020","18,363,726 - (+42)","3,788 - (0)","1,987 - (0)",0.74% - (+0.01%)
289,"May 29, 2020","18,363,684 - (+123)","3,788 - (0)","1,987 - (0)",0.73% - (0.00%)
290,"May 29, 2020","18,363,561 - (+94)","3,788 - (0)","1,987 - (0)",0.73% - (+0.01%)
291,"May 29, 2020","18,363,467 - (-73)","3,788 - (0)","1,987 - (+1)",0.72% - (-0.03%)
292,"May 29, 2020","18,363,540 - (+138)","3,788 - (0)","1,986 - (0)",0.75% - (0.00%)
293,"May 29, 2020","18,363,402 - (+1,766)","3,788 - (0)","1,986 - (0)",0.75% - (0.00%)
294,"May 29, 2020","18,361,636 - (+57)","3,788 - (0)","1,986 - (0)",0.75% - (0.00%)
295,"May 29, 2020","18,361,579 - (-1,696)","3,788 - (0)","1,986 - (0)",0.75% - (0.00%)
296,"May 29, 2020","18,363,275 - (+11)","3,788 - (0)","1,986 - (0)",0.75% - (0.00%)
297,"May 29, 2020","18,363,264 - (+1,629)","3,788 - (0)","1,986 - (0)",0.75% - (0.00%)
298,"May 29, 2020","18,361,635 - (+399)","3,788 - (0)","1,986 - (0)",0.75% - (+0.01%)
299,"May 29, 2020","18,361,236 - (+379)","3,788 - (-2)","1,986 - (0)",0.74% - (0.00%)
300,"May 29, 2020","18,360,857 - (+44)","3,790 - (+2)","1,986 - (0)",0.74% - (0.00%)
301,"May 28, 2020","18,360,813 - (+20)","3,788 - (-2)","1,986 - (0)",0.74% - (0.00%)
302,"May 28, 2020","18,360,793 - (+160)","3,790 - (+2)","1,986 - (0)",0.74% - (0.00%)
303,"May 28, 2020","18,360,633 - (-2)","3,788 - (-2)","1,986 - (0)",0.74% - (0.00%)
304,"May 28, 2020","18,360,635 - (+7)","3,790 - (+2)","1,986 - (0)",0.74% - (0.00%)
305,"May 28, 2020","18,360,628 - (+33)","3,788 - (-2)","1,986 - (0)",0.74% - (+0.01%)
306,"May 28, 2020","18,360,595 - (+71)","3,790 - (0)","1,986 - (0)",0.73% - (0.00%)
307,"May 28, 2020","18,360,524 - (+59)","3,790 - (0)","1,986 - (0)",0.73% - (0.00%)
308,"May 28, 2020","18,360,465 - (+14)","3,790 - (0)","1,986 - (0)",0.73% - (0.00%)
309,"May 28, 2020","18,360,451 - (+56)","3,790 - (0)","1,986 - (0)",0.73% - (0.00%)
310,"May 28, 2020","18,360,395 - (+19)","3,790 - (0)","1,986 - (0)",0.73% - (0.00%)
311,"May 28, 2020","18,360,376 - (+95)","3,790 - (+3)","1,986 - (0)",0.73% - (0.00%)
312,"May 28, 2020","18,360,281 - (-2)","3,787 - (0)","1,986 - (0)",0.73% - (0.00%)
313,"May 28, 2020","18,360,283 - (-7)","3,787 - (0)","1,986 - (0)",0.73% - (0.00%)
314,"May 28, 2020","18,360,290 - (-14)","3,787 - (0)","1,986 - (0)",0.73% - (0.00%)
315,"May 28, 2020","18,360,304 - (+23)","3,787 - (0)","1,986 - (0)",0.73% - (0.00%)
316,"May 28, 2020","18,360,281 - (-21)","3,787 - (0)","1,986 - (0)",0.73% - (0.00%)
317,"May 28, 2020","18,360,302 - (+9)","3,787 - (0)","1,986 - (0)",0.73% - (0.00%)
318,"May 28, 2020","18,360,293 - (+33)","3,787 - (0)","1,986 - (0)",0.73% - (0.00%)
319,"May 28, 2020","18,360,260 - (-3)","3,787 - (0)","1,986 - (0)",0.73% - (0.00%)
320,"May 28, 2020","18,360,263 - (+12)","3,787 - (0)","1,986 - (0)",0.73% - (+0.01%)
321,"May 28, 2020","18,360,251 - (+2)","3,787 - (0)","1,986 - (0)",0.72% - (0.00%)
322,"May 28, 2020","18,360,249 - (-3,148)","3,787 - (+6)","1,986 - (+7)",0.72% - (+0.29%)
323,"May 19, 2020","18,363,397 - (-2,565)","3,781 - (+3)","1,979 - (+1)",0.43% - (+0.01%)
324,"May 18, 2020","18,365,962 - (+18,365,962)","3,778 - (+3,778)","1,978 - (+1,978)",0.42% - (+0.42%)
